pvalue,orPerCopyNum,associationId,riskAllele,dbSNPID,chromosomeName,chromosomePosition,gene
9.00E-14,1.89,14408,?,rs11209026,1,67240275,"[{'geneName': 'IL23R', 'entrezGeneIds': [{'entrezGeneId': '149233'}], 'ensemblGeneIds': [{'ensemblGeneId': 'ENSG00000162594'}]}]"
5.00E-07,1.18,14411,A,rs2310173,2,102047167,[]
8.00E-20,1.39,14415,?,rs2242944,21,39093252,[]
5.00E-304,,14414,?,rs7743761,6,31368323,[]
2.00E-19,1.27,14409,A,rs10865331,2,62324337,[]
5.00E-12,1.19,14413,A,rs27434,5,96793809,"[{'geneName': 'ERAP1', 'entrezGeneIds': [{'entrezGeneId': '51752'}], 'ensemblGeneIds': [{'ensemblGeneId': 'ENSG00000164307'}]}]"
2.00E-06,1.24,14416,C,rs1018326,2,181143073,"[{'geneName': 'LINC01934', 'entrezGeneIds': [{'entrezGeneId': '101927156'}], 'ensemblGeneIds': [{'ensemblGeneId': 'ENSG00000234663'}]}]"
4.00E-06,1.9,14417,C,rs1326986,10,19640584,"[{'geneName': 'MALRD1', 'entrezGeneIds': [{'entrezGeneId': '340895'}], 'ensemblGeneIds': [{'ensemblGeneId': 'ENSG00000204740'}]}]"
9.00E-08,1.22,14412,?,rs4333130,4,80028675,"[{'geneName': 'ANTXR2', 'entrezGeneIds': [{'entrezGeneId': '118429'}], 'ensemblGeneIds': [{'ensemblGeneId': 'ENSG00000163297'}]}]"
2.00E-17,,18609,G,rs11209026,1,67240275,"[{'geneName': 'IL23R', 'entrezGeneIds': [{'entrezGeneId': '149233'}], 'ensemblGeneIds': [{'ensemblGeneId': 'ENSG00000162594'}]}]"
1.00E-200,,18613,A,rs4349859,6,31398010,[]
2.00E-11,,18614,G,rs378108,21,39097594,[]
9.00E-11,,18615,A,rs11249215,1,24970693,[]
5.00E-12,,18610,G,rs2297909,1,200991179,"[{'geneName': 'KIF21B', 'entrezGeneIds': [{'entrezGeneId': '23046'}], 'ensemblGeneIds': [{'ensemblGeneId': 'ENSG00000116852'}]}]"
7.00E-34,,18611,A,rs10865331,2,62324337,[]
2.00E-27,,18612,T,rs30187,5,96788627,"[{'geneName': 'ERAP1', 'entrezGeneIds': [{'entrezGeneId': '51752'}], 'ensemblGeneIds': [{'ensemblGeneId': 'ENSG00000164307'}]}]"
2.00E-08,,18616,C,rs6556416,5,159391737,[]
4.00E-12,,18617,A,rs11616188,12,6393576,[]
9.00E-08,,18618,A,rs4389526,4,80025321,"[{'geneName': 'ANTXR2', 'entrezGeneIds': [{'entrezGeneId': '118429'}], 'ensemblGeneIds': [{'ensemblGeneId': 'ENSG00000163297'}]}]"
3.00E-07,,18619,A,rs10440635,5,40490688,[]
1.00E-06,,18620,T,rs10781500,9,136374886,[]
5.00E-08,,18621,C,rs8070463,17,47691470,[]
9.00E-10,1.21,19891,C,rs4552569,5,83877774,[]
2.00E-08,1.29,19892,G,rs17095830,12,45381125,"[{'geneName': 'ANO6', 'entrezGeneIds': [{'entrezGeneId': '196527'}], 'ensemblGeneIds': [{'ensemblGeneId': 'ENSG00000177119'}]}]"
9.00E-06,1.14,19894,?,rs12146962,14,32911892,[]
9.00E-06,1.14,19895,G,rs2075726,22,36914004,"[{'geneName': 'CSF2RB', 'entrezGeneIds': [{'entrezGeneId': '1439'}], 'ensemblGeneIds': [{'ensemblGeneId': 'ENSG00000100368'}]}]"
9.00E-07,1.15,19893,A,rs13210693,6,109277761,"[{'geneName': 'CCDC162P', 'entrezGeneIds': [{'entrezGeneId': '221262'}], 'ensemblGeneIds': [{'ensemblGeneId': 'ENSG00000203799'}]}]"
5.00E-17,1.17,24913874,C,rs2910686,5,96916885,"[{'geneName': 'ERAP2', 'entrezGeneIds': [{'entrezGeneId': '64167'}], 'ensemblGeneIds': [{'ensemblGeneId': 'ENSG00000164308'}]}]"
1.00E-07,1.11,24913886,A,rs7954567,12,6381959,"[{'geneName': 'LTBR', 'entrezGeneIds': [{'entrezGeneId': '4055'}], 'ensemblGeneIds': [{'ensemblGeneId': 'ENSG00000111321'}]}]"
4.00E-06,1.11,24913880,C,rs6556416,5,159391737,[]
6.00E-07,1.13,24913892,A,rs2297518,17,27769571,"[{'geneName': 'NOS2', 'entrezGeneIds': [{'entrezGeneId': '4843'}], 'ensemblGeneIds': [{'ensemblGeneId': 'ENSG00000007171'}]}]"
2.00E-06,1.28,24913898,C,rs6759298,2,62341310,[]
6.00E-14,1.2,24913868,A,rs10045403,5,96812030,[]
4.00E-06,1.11,24913862,C,rs2192752,2,102152913,"[{'geneName': 'IL1R1', 'entrezGeneIds': [{'entrezGeneId': '3554'}], 'ensemblGeneIds': [{'ensemblGeneId': 'ENSG00000115594'}]}]"
7.00E-17,1.18,24671878,G,rs2836883,21,39094818,[]
3.00E-13,1.14,24671884,C,rs4129267,1,154453788,"[{'geneName': 'IL6R', 'entrezGeneIds': [{'entrezGeneId': '3570'}], 'ensemblGeneIds': [{'ensemblGeneId': 'ENSG00000160712'}]}]"
1.00E-09,1.11,24671890,T,rs1801274,1,161509955,"[{'geneName': 'FCGR2A', 'entrezGeneIds': [{'entrezGeneId': '2212'}], 'ensemblGeneIds': [{'ensemblGeneId': 'ENSG00000143226'}]}]"
1.00E-09,1.12,24671897,C,rs12615545,2,181183725,"[{'geneName': 'LINC01934', 'entrezGeneIds': [{'entrezGeneId': '101927156'}], 'ensemblGeneIds': [{'ensemblGeneId': 'ENSG00000234663'}]}]"
1.00E-08,1.13,24671903,T,rs4676410,2,240624322,"[{'geneName': 'GPR35', 'entrezGeneIds': [{'entrezGeneId': '2859'}], 'ensemblGeneIds': [{'ensemblGeneId': 'ENSG00000178623'}]}]"
5.00E-08,1.15,24671910,G,rs17765610,6,89956054,"[{'geneName': 'BACH2', 'entrezGeneIds': [{'entrezGeneId': '60468'}], 'ensemblGeneIds': [{'ensemblGeneId': 'ENSG00000112182'}]}]"
2.00E-09,1.11,24671916,G,rs1250550,10,79300560,"[{'geneName': 'ZMIZ1', 'entrezGeneIds': [{'entrezGeneId': '57178'}], 'ensemblGeneIds': [{'ensemblGeneId': 'ENSG00000108175'}]}]"
5.00E-14,1.15,24671922,C,rs11190133,10,99518968,[]
5.00E-08,1.11,24671928,T,rs11065898,12,111424771,"[{'geneName': 'SH2B3', 'entrezGeneIds': [{'entrezGeneId': '10019'}], 'ensemblGeneIds': [{'ensemblGeneId': 'ENSG00000111252'}]}]"
2.00E-10,1.2,24671934,C,rs11624293,14,88022477,"[{'geneName': 'LINC01147', 'entrezGeneIds': [{'entrezGeneId': '101928791'}], 'ensemblGeneIds': [{'ensemblGeneId': 'ENSG00000258826'}]}]"
1.00E-10,1.12,24671949,G,rs2531875,17,27821141,[]
3.00E-10,1.14,24671955,G,rs35164067,19,10414505,"[{'geneName': 'CDC37', 'entrezGeneIds': [{'entrezGeneId': '11140'}], 'ensemblGeneIds': [{'ensemblGeneId': 'ENSG00000105401'}]}]"
6.00E-09,1.11,24671961,G,rs7282490,21,44195858,"[{'geneName': 'GATD3', 'entrezGeneIds': [{'entrezGeneId': '8209'}], 'ensemblGeneIds': [{'ensemblGeneId': 'ENSG00000160221'}]}]"
4.00E-07,1.09,24671968,C,rs12758027,1,210621464,"[{'geneName': 'HHAT', 'entrezGeneIds': [{'entrezGeneId': '55733'}], 'ensemblGeneIds': [{'ensemblGeneId': 'ENSG00000054392'}]}]"
2.00E-07,1.11,24913752,C,rs12615545,2,181183725,"[{'geneName': 'LINC01934', 'entrezGeneIds': [{'entrezGeneId': '101927156'}], 'ensemblGeneIds': [{'ensemblGeneId': 'ENSG00000234663'}]}]"
2.00E-07,1.13,24913758,T,rs4676410,2,240624322,"[{'geneName': 'GPR35', 'entrezGeneIds': [{'entrezGeneId': '2859'}], 'ensemblGeneIds': [{'ensemblGeneId': 'ENSG00000178623'}]}]"
3.00E-08,1.17,24913764,G,rs17765610,6,89956054,"[{'geneName': 'BACH2', 'entrezGeneIds': [{'entrezGeneId': '60468'}], 'ensemblGeneIds': [{'ensemblGeneId': 'ENSG00000112182'}]}]"
6.00E-07,1.11,24913770,G,rs1250550,10,79300560,"[{'geneName': 'ZMIZ1', 'entrezGeneIds': [{'entrezGeneId': '57178'}], 'ensemblGeneIds': [{'ensemblGeneId': 'ENSG00000108175'}]}]"
2.00E-14,1.18,24913776,C,rs11190133,10,99518968,[]
2.00E-07,1.13,24913782,T,rs11065898,12,111424771,"[{'geneName': 'SH2B3', 'entrezGeneIds': [{'entrezGeneId': '10019'}], 'ensemblGeneIds': [{'ensemblGeneId': 'ENSG00000111252'}]}]"
2.00E-10,1.23,24913788,C,rs11624293,14,88022477,"[{'geneName': 'LINC01147', 'entrezGeneIds': [{'entrezGeneId': '101928791'}], 'ensemblGeneIds': [{'ensemblGeneId': 'ENSG00000258826'}]}]"
1.00E-08,1.12,24913802,G,rs2531875,17,27821141,[]
7.00E-09,1.16,24913808,G,rs35164067,19,10414505,"[{'geneName': 'CDC37', 'entrezGeneIds': [{'entrezGeneId': '11140'}], 'ensemblGeneIds': [{'ensemblGeneId': 'ENSG00000105401'}]}]"
1.00E-06,1.1,24913814,G,rs7282490,21,44195858,"[{'geneName': 'GATD3', 'entrezGeneIds': [{'entrezGeneId': '8209'}], 'ensemblGeneIds': [{'ensemblGeneId': 'ENSG00000160221'}]}]"
6.00E-06,1.09,24913820,C,rs12758027,1,210621464,"[{'geneName': 'HHAT', 'entrezGeneIds': [{'entrezGeneId': '55733'}], 'ensemblGeneIds': [{'ensemblGeneId': 'ENSG00000054392'}]}]"
1.00E-06,1.1,24913826,G,rs4851529,2,102030838,[]
1.00E-07,1.12,24913832,A,rs13093489,3,27753416,[]
2.00E-06,1.11,24913838,G,rs11742270,5,35881341,[]
1.00E-14,1.16,24913674,C,rs6600247,1,24978623,[]
6.00E-28,1.65,24913680,G,rs11209026,1,67240275,"[{'geneName': 'IL23R', 'entrezGeneIds': [{'entrezGeneId': '149233'}], 'ensemblGeneIds': [{'ensemblGeneId': 'ENSG00000162594'}]}]"
7.00E-16,1.2,24913686,T,rs41299637,1,200908722,"[{'geneName': 'INAVA', 'entrezGeneIds': [{'entrezGeneId': '55765'}], 'ensemblGeneIds': [{'ensemblGeneId': 'ENSG00000163362'}]}]"
4.00E-41,1.31,24913692,C,rs6759298,2,62341310,[]
5.00E-06,1.09,24913698,G,rs12186979,5,40524758,"[{'geneName': 'TTC33', 'entrezGeneIds': [{'entrezGeneId': '23548'}], 'ensemblGeneIds': [{'ensemblGeneId': 'ENSG00000113638'}]}]"
1.00E-41,1.32,24913704,T,rs30187,5,96788627,"[{'geneName': 'ERAP1', 'entrezGeneIds': [{'entrezGeneId': '51752'}], 'ensemblGeneIds': [{'ensemblGeneId': 'ENSG00000164307'}]}]"
6.00E-08,1.12,24913710,A,rs6871626,5,159399784,[]
2.00E-09,1.12,24913716,C,rs1128905,9,136359387,"[{'geneName': 'GPSM1', 'entrezGeneIds': [{'entrezGeneId': '26086'}], 'ensemblGeneIds': [{'ensemblGeneId': 'ENSG00000160360'}]}]"
8.00E-10,1.13,24913722,C,rs1860545,12,6337611,"[{'geneName': 'TNFRSF1A', 'entrezGeneIds': [{'entrezGeneId': '7132'}], 'ensemblGeneIds': [{'ensemblGeneId': 'ENSG00000067182'}]}]"
2.00E-12,1.15,24913728,A,rs9901869,17,47497840,[]
2.00E-14,1.19,24913734,G,rs2836883,21,39094818,[]
2.00E-15,1.18,24913740,C,rs4129267,1,154453788,"[{'geneName': 'IL6R', 'entrezGeneIds': [{'entrezGeneId': '3570'}], 'ensemblGeneIds': [{'ensemblGeneId': 'ENSG00000160712'}]}]"
1.00E-09,1.12,24913746,T,rs1801274,1,161509955,"[{'geneName': 'FCGR2A', 'entrezGeneIds': [{'entrezGeneId': '2212'}], 'ensemblGeneIds': [{'ensemblGeneId': 'ENSG00000143226'}]}]"
2.00E-27,1.62,24671823,G,rs11209026,1,67240275,"[{'geneName': 'IL23R', 'entrezGeneIds': [{'entrezGeneId': '149233'}], 'ensemblGeneIds': [{'ensemblGeneId': 'ENSG00000162594'}]}]"
2.00E-15,1.19,24671829,T,rs41299637,1,200908722,"[{'geneName': 'INAVA', 'entrezGeneIds': [{'entrezGeneId': '55765'}], 'ensemblGeneIds': [{'ensemblGeneId': 'ENSG00000163362'}]}]"
3.00E-15,1.15,24671817,C,rs6600247,1,24978623,[]
5.00E-47,1.29,24671835,C,rs6759298,2,62341310,[]
4.00E-06,1.08,24671842,G,rs12186979,5,40524758,"[{'geneName': 'TTC33', 'entrezGeneIds': [{'entrezGeneId': '23548'}], 'ensemblGeneIds': [{'ensemblGeneId': 'ENSG00000113638'}]}]"
4.00E-45,1.29,24671848,T,rs30187,5,96788627,"[{'geneName': 'ERAP1', 'entrezGeneIds': [{'entrezGeneId': '51752'}], 'ensemblGeneIds': [{'ensemblGeneId': 'ENSG00000164307'}]}]"
3.00E-08,1.1,24671854,A,rs6871626,5,159399784,[]
7.00E-09,1.1,24671860,C,rs1128905,9,136359387,"[{'geneName': 'GPSM1', 'entrezGeneIds': [{'entrezGeneId': '26086'}], 'ensemblGeneIds': [{'ensemblGeneId': 'ENSG00000160360'}]}]"
3.00E-10,1.13,24671866,C,rs1860545,12,6337611,"[{'geneName': 'TNFRSF1A', 'entrezGeneIds': [{'entrezGeneId': '7132'}], 'ensemblGeneIds': [{'ensemblGeneId': 'ENSG00000067182'}]}]"
6.00E-15,1.14,24671872,A,rs9901869,17,47497840,[]
9.00E-08,1.1,24671981,A,rs13093489,3,27753416,[]
5.00E-07,1.11,24671988,G,rs11742270,5,35881341,[]
1.00E-07,1.1,24671974,G,rs4851529,2,102030838,[]
5.00E-07,1.1,24671995,T,rs2402752,7,124799545,[]
8.00E-08,1.12,24672001,G,rs2283790,22,21602364,"[{'geneName': 'UBE2L3', 'entrezGeneIds': [{'entrezGeneId': '7332'}], 'ensemblGeneIds': [{'ensemblGeneId': 'ENSG00000185651'}]}]"
1.00E-100,46,24673322,?,rs116488202,6,31377139,[]
8.00E-51,1.541,24673367,?,rs2394250,6,29975879,"[{'geneName': 'HCG9', 'entrezGeneIds': [{'entrezGeneId': '10255'}], 'ensemblGeneIds': [{'ensemblGeneId': 'ENSG00000204625'}]}]"
1.00E-06,1.12,24913850,G,rs2283790,22,21602364,"[{'geneName': 'UBE2L3', 'entrezGeneIds': [{'entrezGeneId': '7332'}], 'ensemblGeneIds': [{'ensemblGeneId': 'ENSG00000185651'}]}]"
9.00E-11,1.15,24913856,A,rs12141575,1,67281753,[]
2.00E-06,1.11,24913844,T,rs2402752,7,124799545,[]
6.00E-120,22.84,41552035,?,rs17192932,6,31354352,"[{'geneName': 'HLA-B', 'entrezGeneIds': [{'entrezGeneId': '3106'}], 'ensemblGeneIds': [{'ensemblGeneId': 'ENSG00000234745'}]}]"
9.00E-91,31.08,41552040,?,rs117486637,7,147641371,"[{'geneName': 'CNTNAP2', 'entrezGeneIds': [{'entrezGeneId': '26047'}], 'ensemblGeneIds': [{'ensemblGeneId': 'ENSG00000174469'}]}]"
6.00E-06,1.5151515,41551938,G,rs7874251,9,75888242,[]
6.00E-06,2.0833335,41551920,G,rs10000518,4,11502867,[]
1.00E-13,1.724138,41551926,A,rs148783236,15,50492819,"[{'geneName': 'USP8', 'entrezGeneIds': [{'entrezGeneId': '9101'}], 'ensemblGeneIds': [{'ensemblGeneId': 'ENSG00000138592'}]}]"
8.00E-08,1.5384616,41551932,G,rs1013210,8,24259209,[]
7.00E-06,1.3513513,41551944,G,rs34939008,4,23344561,[]
5.00E-07,1.3157895,41551958,C,rs6502398,17,14832175,[]
1.00E-06,1.34,41551965,A,rs7217335,17,27771755,"[{'geneName': 'NOS2', 'entrezGeneIds': [{'entrezGeneId': '4843'}], 'ensemblGeneIds': [{'ensemblGeneId': 'ENSG00000007171'}]}]"
7.00E-06,1.35,41551970,G,rs8036083,15,101227617,"[{'geneName': 'CHSY1', 'entrezGeneIds': [{'entrezGeneId': '22856'}], 'ensemblGeneIds': [{'ensemblGeneId': 'ENSG00000131873'}]}]"
7.00E-09,1.36,41551976,A,rs13001372,2,62341086,[]
6.00E-06,1.37,41551982,C,rs4876208,8,2191959,[]
1.00E-09,1.39,41551987,A,rs27529,5,96790605,"[{'geneName': 'ERAP1', 'entrezGeneIds': [{'entrezGeneId': '51752'}], 'ensemblGeneIds': [{'ensemblGeneId': 'ENSG00000164307'}]}]"
1.00E-06,1.44,41551992,A,rs10280089,7,38667217,[]
8.00E-06,1.44,41551997,T,rs235316,21,44852190,"[{'geneName': 'PTTG1IP', 'entrezGeneIds': [{'entrezGeneId': '754'}], 'ensemblGeneIds': [{'ensemblGeneId': 'ENSG00000183255'}]}]"
5.00E-06,1.49,41552002,C,rs2031610,10,88994730,"[{'geneName': 'FAS', 'entrezGeneIds': [{'entrezGeneId': '355'}], 'ensemblGeneIds': [{'ensemblGeneId': 'ENSG00000026103'}]}]"
4.00E-06,1.62,41552007,A,rs7298011,12,25890592,[]
2.00E-12,4.76,41552012,C,rs61752717,16,3243407,"[{'geneName': 'MEFV', 'entrezGeneIds': [{'entrezGeneId': '4210'}], 'ensemblGeneIds': [{'ensemblGeneId': 'ENSG00000103313'}]}]"
1.00E-08,,12827461,T,rs4246905,9,114790969,"[{'geneName': 'TNFSF15', 'entrezGeneIds': [{'entrezGeneId': '9966'}], 'ensemblGeneIds': [{'ensemblGeneId': 'ENSG00000181634'}]}]"
3.00E-08,,12827462,C,rs11145763,9,136369144,"[{'geneName': 'CARD9', 'entrezGeneIds': [{'entrezGeneId': '64170'}], 'ensemblGeneIds': [{'ensemblGeneId': 'ENSG00000187796'}]}]"
9.00E-08,,12827460,T,rs36051895,9,4981866,[]
6.00E-09,,12827463,T,rs706778,10,6056986,"[{'geneName': 'IL2RA', 'entrezGeneIds': [{'entrezGeneId': '3559'}], 'ensemblGeneIds': [{'ensemblGeneId': 'ENSG00000134460'}]}]"
8.00E-11,,12827464,C,rs10822050,10,62679011,[]
1.00E-08,,12827465,C,rs1250563,10,79287626,"[{'geneName': 'ZMIZ1', 'entrezGeneIds': [{'entrezGeneId': '57178'}], 'ensemblGeneIds': [{'ensemblGeneId': 'ENSG00000108175'}]}]"
9.00E-11,,12827466,T,rs1332099,10,99538694,[]
8.00E-11,,12827467,T,rs17885785,11,2146620,"[{'geneName': 'IGF2', 'entrezGeneIds': [{'entrezGeneId': '3481'}], 'ensemblGeneIds': [{'ensemblGeneId': 'ENSG00000167244'}]}, {'geneName': 'INS-IGF2', 'entrezGeneIds': [{'entrezGeneId': '723961'}], 'ensemblGeneIds': [{'ensemblGeneId': 'ENSG00000129965'}]}, {'geneName': 'IGF2-AS', 'entrezGeneIds': [{'entrezGeneId': '51214'}], 'ensemblGeneIds': [{'ensemblGeneId': 'ENSG00000099869'}]}]"
3.00E-10,,12827468,G,rs17466626,12,40366829,"[{'geneName': 'LRRK2', 'entrezGeneIds': [{'entrezGeneId': '120892'}], 'ensemblGeneIds': [{'ensemblGeneId': 'ENSG00000188906'}]}]"
4.00E-09,,12827469,C,rs1689510,12,56002984,"[{'geneName': 'SUOX', 'entrezGeneIds': [{'entrezGeneId': '6821'}], 'ensemblGeneIds': [{'ensemblGeneId': 'ENSG00000139531'}]}]"
8.00E-11,,12827470,G,rs72743477,15,67171953,"[{'geneName': 'SMAD3', 'entrezGeneIds': [{'entrezGeneId': '4088'}], 'ensemblGeneIds': [{'ensemblGeneId': 'ENSG00000166949'}]}]"
4.00E-09,,12827471,G,rs12598357,16,28329624,[]
6.00E-07,,12827472,C,rs12928404,16,28835925,"[{'geneName': 'ATXN2L', 'entrezGeneIds': [{'entrezGeneId': '11273'}], 'ensemblGeneIds': [{'ensemblGeneId': 'ENSG00000168488'}]}]"
8.00E-11,,12827473,T,rs117372389,16,50634166,"[{'geneName': 'NKD1', 'entrezGeneIds': [{'entrezGeneId': '85407'}], 'ensemblGeneIds': [{'ensemblGeneId': 'ENSG00000140807'}]}]"
3.00E-07,,12827474,C,rs12232497,17,39883866,[]
8.00E-11,,12827445,G,rs11580078,1,67203951,"[{'geneName': 'C1orf141', 'entrezGeneIds': [{'entrezGeneId': '400757'}], 'ensemblGeneIds': [{'ensemblGeneId': 'ENSG00000203963'}]}, {'geneName': 'IL23R', 'entrezGeneIds': [{'entrezGeneId': '149233'}], 'ensemblGeneIds': [{'ensemblGeneId': 'ENSG00000162594'}]}]"
8.00E-11,,12827446,A,rs6679677,1,113761186,[]
4.00E-07,,12827447,C,rs34884278,1,172869708,[]
2.00E-07,,12827448,C,rs6689858,1,197406337,"[{'geneName': 'CRB1', 'entrezGeneIds': [{'entrezGeneId': '23418'}], 'ensemblGeneIds': [{'ensemblGeneId': 'ENSG00000134376'}]}]"
1.00E-06,,12827449,G,rs55705316,1,206760172,[]
9.00E-08,,12827450,T,rs2075184,2,102464132,[]
8.00E-11,,12827451,C,rs36001488,2,233276621,"[{'geneName': 'ATG16L1', 'entrezGeneIds': [{'entrezGeneId': '55054'}], 'ensemblGeneIds': [{'ensemblGeneId': 'ENSG00000085978'}]}]"
2.00E-07,,12827452,A,rs4676410,2,240624322,"[{'geneName': 'GPR35', 'entrezGeneIds': [{'entrezGeneId': '2859'}], 'ensemblGeneIds': [{'ensemblGeneId': 'ENSG00000178623'}]}]"
8.00E-11,,12827453,G,rs4625,3,49534707,"[{'geneName': 'DAG1', 'entrezGeneIds': [{'entrezGeneId': '1605'}], 'ensemblGeneIds': [{'ensemblGeneId': 'ENSG00000173402'}]}]"
3.00E-08,,12827454,A,rs62324212,4,122639784,"[{'geneName': 'IL21-AS1', 'entrezGeneIds': [{'entrezGeneId': '100996941'}], 'ensemblGeneIds': [{'ensemblGeneId': 'ENSG00000227145'}]}]"
8.00E-11,,12827455,C,rs7725052,5,40487168,[]
1.00E-10,,12827456,A,rs7731626,5,56148856,"[{'geneName': 'ANKRD55', 'entrezGeneIds': [{'entrezGeneId': '79722'}], 'ensemblGeneIds': [{'ensemblGeneId': 'ENSG00000164512'}]}]"
9.00E-08,,12827457,T,rs4869313,5,96888176,"[{'geneName': 'ERAP2', 'entrezGeneIds': [{'entrezGeneId': '64167'}], 'ensemblGeneIds': [{'ensemblGeneId': 'ENSG00000164308'}]}]"
2.00E-09,,12827458,A,rs11741255,5,132475490,"[{'geneName': 'IRF1', 'entrezGeneIds': [{'entrezGeneId': '3659'}], 'ensemblGeneIds': [{'ensemblGeneId': 'ENSG00000125347'}]}, {'geneName': 'IRF1-AS1', 'entrezGeneIds': [{'entrezGeneId': '441108'}], 'ensemblGeneIds': [{'ensemblGeneId': 'ENSG00000197536'}]}]"
2.00E-10,,12827459,T,rs755374,5,159402286,[]
8.00E-11,,15731632,C,rs2066363,1,81771892,"[{'geneName': 'ADGRL2', 'entrezGeneIds': [{'entrezGeneId': '23266'}], 'ensemblGeneIds': [{'ensemblGeneId': 'ENSG00000117114'}]}]"
2.00E-07,,15731647,A,rs114846446,2,2944140,"[{'geneName': 'LINC01250', 'entrezGeneIds': [{'entrezGeneId': '101927554'}], 'ensemblGeneIds': [{'ensemblGeneId': 'ENSG00000234423'}]}]"
1.00E-07,,15731661,C,rs7672495,4,4990640,[]
8.00E-11,,15731684,A,rs7660520,4,182824168,[]
5.00E-07,,15731703,G,rs7831697,8,137124061,[]
1.00E-07,,15731715,T,rs7042370,9,12785074,"[{'geneName': 'LURAP1L', 'entrezGeneIds': [{'entrezGeneId': '286343'}], 'ensemblGeneIds': [{'ensemblGeneId': 'ENSG00000153714'}]}, {'geneName': 'LURAP1L-AS1', 'entrezGeneIds': [{'entrezGeneId': '101929467'}], 'ensemblGeneIds': [{'ensemblGeneId': 'ENSG00000235448'}]}]"
7.00E-07,,15731733,C,rs10988542,9,129894985,"[{'geneName': 'FNBP1', 'entrezGeneIds': [{'entrezGeneId': '23048'}], 'ensemblGeneIds': [{'ensemblGeneId': 'ENSG00000187239'}]}]"
8.00E-11,,15731759,G,rs7100025,10,37303610,"[{'geneName': 'LINC00993', 'entrezGeneIds': [{'entrezGeneId': '101929520'}], 'ensemblGeneIds': [{'ensemblGeneId': 'ENSG00000235687'}]}]"
1.00E-06,,15731781,C,rs11839053,13,106410694,[]
6.00E-09,,15731798,T,rs77150043,16,50270338,"[{'geneName': 'ADCY7', 'entrezGeneIds': [{'entrezGeneId': '113'}], 'ensemblGeneIds': [{'ensemblGeneId': 'ENSG00000121281'}]}]"
1.00E-08,,15731816,C,rs2807264,X,136583619,[]
6.00E-08,,15731863,T,rs12863738,X,136949968,[]
4.00E-07,,12827475,T,rs62131887,19,10476920,[]
5.00E-08,,12827476,G,rs602662,19,48703728,"[{'geneName': 'FUT2', 'entrezGeneIds': [{'entrezGeneId': '2524'}], 'ensemblGeneIds': [{'ensemblGeneId': 'ENSG00000176920'}]}]"
9.00E-07,,12827477,A,rs2738774,20,63637985,[]
5.00E-08,,12827478,A,rs2836882,21,39094644,[]
3.00E-11,,24912946,?,rs30187,5,96788627,"[{'geneName': 'ERAP1', 'entrezGeneIds': [{'entrezGeneId': '51752'}], 'ensemblGeneIds': [{'ensemblGeneId': 'ENSG00000164307'}]}]"
3.00E-11,,24912946,?,rs116488202,6,31377139,[]
9.00E-06,,24912952,?,rs10045403,5,96812030,[]
9.00E-06,,24912952,?,rs116488202,6,31377139,[]
7.00E-55,,24297747,?,rs3197999,3,49684099,"[{'geneName': 'MST1', 'entrezGeneIds': [{'entrezGeneId': '4485'}], 'ensemblGeneIds': [{'ensemblGeneId': 'ENSG00000173531'}]}]"
8.00E-11,,24297751,?,rs116046827,3,49618715,"[{'geneName': 'BSN', 'entrezGeneIds': [{'entrezGeneId': '8927'}], 'ensemblGeneIds': [{'ensemblGeneId': 'ENSG00000164061'}]}]"
2.00E-08,,24297742,?,rs1001007,3,46387167,"[{'geneName': 'CCR5AS', 'entrezGeneIds': [{'entrezGeneId': '102724297'}], 'ensemblGeneIds': [{'ensemblGeneId': 'ENSG00000223552'}]}]"
8.00E-09,,24297755,?,rs6781808,3,137722530,[]
2.00E-08,,24297759,?,rs11098964,4,79966815,"[{'geneName': 'ANTXR2', 'entrezGeneIds': [{'entrezGeneId': '118429'}], 'ensemblGeneIds': [{'ensemblGeneId': 'ENSG00000163297'}]}]"
3.00E-10,,24297763,?,rs13107612,4,101818823,"[{'geneName': 'BANK1', 'entrezGeneIds': [{'entrezGeneId': '55024'}], 'ensemblGeneIds': [{'ensemblGeneId': 'ENSG00000153064'}]}]"
2.00E-18,,24297767,?,rs3774937,4,102513096,"[{'geneName': 'NFKB1', 'entrezGeneIds': [{'entrezGeneId': '4790'}], 'ensemblGeneIds': [{'ensemblGeneId': 'ENSG00000109320'}]}]"
7.00E-20,,24297771,?,rs59867199,4,122531076,[]
5.00E-08,,24297775,?,rs13132308,4,122629959,"[{'geneName': 'IL21-AS1', 'entrezGeneIds': [{'entrezGeneId': '100996941'}], 'ensemblGeneIds': [{'ensemblGeneId': 'ENSG00000227145'}]}]"
4.00E-08,,24297779,?,rs11750385,5,10521556,"[{'geneName': 'LINC02213', 'entrezGeneIds': [{'entrezGeneId': '389273'}], 'ensemblGeneIds': [{'ensemblGeneId': 'ENSG00000249160'}]}]"
6.00E-09,,24297784,?,rs3776414,5,10689450,"[{'geneName': 'DAP', 'entrezGeneIds': [{'entrezGeneId': '1611'}], 'ensemblGeneIds': [{'ensemblGeneId': 'ENSG00000112977'}]}]"
8.00E-15,,24297788,?,rs395157,5,38867630,"[{'geneName': 'OSMR', 'entrezGeneIds': [{'entrezGeneId': '9180'}], 'ensemblGeneIds': [{'ensemblGeneId': 'ENSG00000145623'}]}]"
1.00E-74,,24297792,?,rs1992661,5,40414887,[]
7.00E-28,,24297796,?,rs11749040,5,40396323,[]
3.00E-16,,24297800,?,rs9687958,5,40496321,[]
4.00E-11,,24297639,?,rs702872,2,60854175,"[{'geneName': 'REL-DT', 'entrezGeneIds': [{'entrezGeneId': '400957'}], 'ensemblGeneIds': [{'ensemblGeneId': 'ENSG00000228414'}]}]"
3.00E-08,,24297648,?,rs11675538,2,65459327,"[{'geneName': 'LINC02934', 'entrezGeneIds': [{'entrezGeneId': '105369168'}], 'ensemblGeneIds': [{'ensemblGeneId': 'ENSG00000204929'}]}]"
1.00E-14,,24297653,?,rs4851529,2,102030838,[]
2.00E-52,,24297644,?,rs4672505,2,62333197,[]
3.00E-17,,24297657,?,rs12987977,2,102358876,"[{'geneName': 'IL18R1', 'entrezGeneIds': [{'entrezGeneId': '8809'}], 'ensemblGeneIds': [{'ensemblGeneId': 'ENSG00000115604'}]}]"
1.00E-09,,24297661,?,rs871656,2,102154822,"[{'geneName': 'IL1R1', 'entrezGeneIds': [{'entrezGeneId': '3554'}], 'ensemblGeneIds': [{'ensemblGeneId': 'ENSG00000115594'}]}]"
5.00E-08,,24297665,?,rs11691685,2,144724260,"[{'geneName': 'TEX41', 'entrezGeneIds': [{'entrezGeneId': '401014'}], 'ensemblGeneIds': [{'ensemblGeneId': 'ENSG00000226674'}]}]"
3.00E-13,,24297669,?,rs2111485,2,162254026,[]
5.00E-10,,24297673,?,rs35667974,2,162268127,"[{'geneName': 'IFIH1', 'entrezGeneIds': [{'entrezGeneId': '64135'}], 'ensemblGeneIds': [{'ensemblGeneId': 'ENSG00000115267'}]}]"
2.00E-09,,24297677,?,rs3747517,2,162272314,"[{'geneName': 'IFIH1', 'entrezGeneIds': [{'entrezGeneId': '64135'}], 'ensemblGeneIds': [{'ensemblGeneId': 'ENSG00000115267'}]}]"
5.00E-17,,24297927,?,rs2451258,6,159085568,"[{'geneName': 'TAGAP-AS1', 'entrezGeneIds': [{'entrezGeneId': '105378083'}], 'ensemblGeneIds': [{'ensemblGeneId': 'ENSG00000271913'}]}]"
3.00E-07,,24297936,?,rs111305875,6,167098098,[]
8.00E-07,,24297941,?,rs2301436,6,167024500,"[{'geneName': 'CEP43', 'entrezGeneIds': [{'entrezGeneId': '11116'}], 'ensemblGeneIds': [{'ensemblGeneId': 'ENSG00000213066'}]}]"
4.00E-11,,24297945,?,rs1182188,7,2830351,"[{'geneName': 'GNA12', 'entrezGeneIds': [{'entrezGeneId': '2768'}], 'ensemblGeneIds': [{'ensemblGeneId': 'ENSG00000146535'}]}]"
9.00E-09,,24297949,?,rs1525735,7,17157947,"[{'geneName': 'AHR', 'entrezGeneIds': [{'entrezGeneId': '196'}], 'ensemblGeneIds': [{'ensemblGeneId': 'ENSG00000106546'}]}]"
3.00E-18,,24297953,?,rs28550029,7,26832962,"[{'geneName': 'SKAP2', 'entrezGeneIds': [{'entrezGeneId': '8935'}], 'ensemblGeneIds': [{'ensemblGeneId': 'ENSG00000005020'}]}]"
7.00E-09,,24297957,?,rs860262,7,28154778,"[{'geneName': 'JAZF1', 'entrezGeneIds': [{'entrezGeneId': '221895'}], 'ensemblGeneIds': [{'ensemblGeneId': 'ENSG00000153814'}]}]"
4.00E-12,,24297961,?,rs4917129,7,50283578,[]
2.00E-09,,24297966,?,rs12718244,7,50136058,"[{'geneName': 'SPMIP7', 'entrezGeneIds': [], 'ensemblGeneIds': [{'ensemblGeneId': 'ENSG00000164500'}]}]"
1.00E-08,,24297970,?,rs9297145,7,99161494,[]
1.00E-21,,24297974,?,rs6466198,7,107839681,[]
5.00E-11,,24297978,?,rs7805114,7,107809588,[]
2.00E-11,,24297982,?,rs4728142,7,128933913,[]
2.00E-10,,24297986,?,rs2538470,7,148523356,[]
4.00E-19,,24297994,?,rs1551399,8,125527723,"[{'geneName': 'TRIB1AL', 'entrezGeneIds': [], 'ensemblGeneIds': [{'ensemblGeneId': 'ENSG00000253111'}]}]"
4.00E-08,,24297999,?,rs2042011,8,128215706,[]
2.00E-10,,24297990,?,rs10094579,8,89837077,[]
2.00E-17,,24298003,?,rs6651252,8,128554935,"[{'geneName': 'LINC00824', 'entrezGeneIds': [{'entrezGeneId': '101927774'}], 'ensemblGeneIds': [{'ensemblGeneId': 'ENSG00000254275'}]}]"
5.00E-43,,24298008,?,rs10758669,9,4981602,[]
6.00E-09,,24298012,?,rs2812378,9,34710263,[]
1.00E-25,,24298016,?,rs7848647,9,114806766,[]
1.00E-14,,24298020,?,rs726657,9,114934056,"[{'geneName': 'DELEC1', 'entrezGeneIds': [{'entrezGeneId': '50514'}], 'ensemblGeneIds': [{'ensemblGeneId': 'ENSG00000173077'}]}]"
2.00E-09,,24298024,?,rs7468800,9,114829725,[]
1.00E-08,,24298028,?,rs4986790,9,117713024,"[{'geneName': 'TLR4', 'entrezGeneIds': [{'entrezGeneId': '7099'}], 'ensemblGeneIds': [{'ensemblGeneId': 'ENSG00000136869'}]}]"
6.00E-45,,24298032,?,rs10870077,9,136369439,"[{'geneName': 'CARD9', 'entrezGeneIds': [{'entrezGeneId': '64170'}], 'ensemblGeneIds': [{'ensemblGeneId': 'ENSG00000187796'}]}]"
1.00E-31,,24298036,?,rs141992399,9,136365140,"[{'geneName': 'CARD9', 'entrezGeneIds': [{'entrezGeneId': '64170'}], 'ensemblGeneIds': [{'ensemblGeneId': 'ENSG00000187796'}]}]"
9.00E-09,,24298040,?,rs3124998,9,136494980,"[{'geneName': 'NOTCH1', 'entrezGeneIds': [{'entrezGeneId': '4851'}], 'ensemblGeneIds': [{'ensemblGeneId': 'ENSG00000148400'}]}]"
1.00E-15,,24298044,?,rs61839660,10,6052734,"[{'geneName': 'IL2RA', 'entrezGeneIds': [{'entrezGeneId': '3559'}], 'ensemblGeneIds': [{'ensemblGeneId': 'ENSG00000134460'}]}]"
4.00E-13,,24298048,?,rs3118471,10,6060794,"[{'geneName': 'IL2RA', 'entrezGeneIds': [{'entrezGeneId': '3559'}], 'ensemblGeneIds': [{'ensemblGeneId': 'ENSG00000134460'}]}]"
4.00E-12,,24298052,?,rs76913543,10,6000052,[]
4.00E-08,,24298056,?,rs2104286,10,6057082,"[{'geneName': 'IL2RA', 'entrezGeneIds': [{'entrezGeneId': '3559'}], 'ensemblGeneIds': [{'ensemblGeneId': 'ENSG00000134460'}]}]"
9.00E-09,,24298060,?,rs2236379,10,6485181,"[{'geneName': 'PRKCQ', 'entrezGeneIds': [{'entrezGeneId': '5588'}], 'ensemblGeneIds': [{'ensemblGeneId': 'ENSG00000065675'}]}]"
2.00E-09,,24298064,?,rs2050392,10,30402574,[]
5.00E-29,,24298069,?,rs34779708,10,35177257,"[{'geneName': 'CREM', 'entrezGeneIds': [{'entrezGeneId': '1390'}], 'ensemblGeneIds': [{'ensemblGeneId': 'ENSG00000095794'}]}]"
3.00E-48,,24298073,?,rs10995271,10,62678726,[]
5.00E-09,,24298417,?,rs4243971,20,32261714,[]
4.00E-28,,24298449,?,rs2823288,21,15448569,[]
4.00E-09,,24298421,?,rs6058869,20,32760944,[]
1.00E-17,,24298413,?,rs679574,19,48702851,"[{'geneName': 'FUT2', 'entrezGeneIds': [{'entrezGeneId': '2524'}], 'ensemblGeneIds': [{'ensemblGeneId': 'ENSG00000176920'}]}]"
7.00E-16,,24298425,?,rs4812833,20,44440356,"[{'geneName': 'LINC01620', 'entrezGeneIds': [{'entrezGeneId': '140834'}], 'ensemblGeneIds': [{'ensemblGeneId': 'ENSG00000168746'}]}]"
4.00E-07,,24298429,?,rs79493594,20,44561731,"[{'geneName': 'PKIG', 'entrezGeneIds': [{'entrezGeneId': '11142'}], 'ensemblGeneIds': [{'ensemblGeneId': 'ENSG00000168734'}]}]"
4.00E-12,,24298433,?,rs1883832,20,46118343,"[{'geneName': 'CD40', 'entrezGeneIds': [{'entrezGeneId': '958'}], 'ensemblGeneIds': [{'ensemblGeneId': 'ENSG00000101017'}]}]"
4.00E-09,,24298437,?,rs1328454,20,49823486,"[{'geneName': 'SLC9A8', 'entrezGeneIds': [{'entrezGeneId': '23315'}], 'ensemblGeneIds': [{'ensemblGeneId': 'ENSG00000197818'}]}]"
4.00E-12,,24298441,?,rs259964,20,59249254,"[{'geneName': 'ZNF831', 'entrezGeneIds': [{'entrezGeneId': '128611'}], 'ensemblGeneIds': [{'ensemblGeneId': 'ENSG00000124203'}]}]"
2.00E-30,,24298445,?,rs6062496,20,63697746,"[{'geneName': 'TNFRSF6B', 'entrezGeneIds': [{'entrezGeneId': '8771'}], 'ensemblGeneIds': [{'ensemblGeneId': 'ENSG00000243509'}]}, {'geneName': 'RTEL1-TNFRSF6B', 'entrezGeneIds': [{'entrezGeneId': '100533107'}], 'ensemblGeneIds': [{'ensemblGeneId': 'ENSG00000026036'}]}]"
4.00E-16,,24298453,?,rs2284553,21,33404389,"[{'geneName': 'IFNGR2', 'entrezGeneIds': [{'entrezGeneId': '3460'}], 'ensemblGeneIds': [{'ensemblGeneId': 'ENSG00000159128'}]}]"
5.00E-54,,24298457,?,rs9977672,21,39091357,[]
6.00E-09,,24298461,?,rs1893592,21,42434957,"[{'geneName': 'UBASH3A', 'entrezGeneIds': [{'entrezGeneId': '53347'}], 'ensemblGeneIds': [{'ensemblGeneId': 'ENSG00000160185'}]}]"
6.00E-25,,24298465,?,rs4456788,21,44196441,"[{'geneName': 'GATD3', 'entrezGeneIds': [{'entrezGeneId': '8209'}], 'ensemblGeneIds': [{'ensemblGeneId': 'ENSG00000160221'}]}]"
4.00E-15,,24298469,?,rs2266961,22,21574308,"[{'geneName': 'UBE2L3', 'entrezGeneIds': [{'entrezGeneId': '7332'}], 'ensemblGeneIds': [{'ensemblGeneId': 'ENSG00000185651'}]}]"
2.00E-08,,24297808,?,rs71624119,5,56144903,"[{'geneName': 'ANKRD55', 'entrezGeneIds': [{'entrezGeneId': '79722'}], 'ensemblGeneIds': [{'ensemblGeneId': 'ENSG00000164512'}]}]"
3.00E-08,,24297812,?,rs4703855,5,72398072,[]
5.00E-13,,24297804,?,rs353339,5,40201698,[]
3.00E-10,,24297816,?,rs34804116,5,73244023,[]
6.00E-54,,24297821,?,rs469758,5,96786011,"[{'geneName': 'ERAP1', 'entrezGeneIds': [{'entrezGeneId': '51752'}], 'ensemblGeneIds': [{'ensemblGeneId': 'ENSG00000164307'}]}]"
2.00E-21,,24297825,?,rs2910686,5,96916885,"[{'geneName': 'ERAP2', 'entrezGeneIds': [{'entrezGeneId': '64167'}], 'ensemblGeneIds': [{'ensemblGeneId': 'ENSG00000164308'}]}]"
4.00E-12,,24297829,?,rs2549803,5,96839226,[]
2.00E-55,,24297834,?,rs17622378,5,132442760,"[{'geneName': 'IRF1', 'entrezGeneIds': [{'entrezGeneId': '3659'}], 'ensemblGeneIds': [{'ensemblGeneId': 'ENSG00000125347'}]}, {'geneName': 'IRF1-AS1', 'entrezGeneIds': [{'entrezGeneId': '441108'}], 'ensemblGeneIds': [{'ensemblGeneId': 'ENSG00000197536'}]}]"
1.00E-07,,24297838,?,rs17622517,5,132467845,"[{'geneName': 'IRF1-AS1', 'entrezGeneIds': [{'entrezGeneId': '441108'}], 'ensemblGeneIds': [{'ensemblGeneId': 'ENSG00000197536'}]}, {'geneName': 'IRF1', 'entrezGeneIds': [{'entrezGeneId': '3659'}], 'ensemblGeneIds': [{'ensemblGeneId': 'ENSG00000125347'}]}]"
4.00E-07,,24297842,?,rs1004234,5,132421409,"[{'geneName': 'LINC02863', 'entrezGeneIds': [{'entrezGeneId': '102723741'}], 'ensemblGeneIds': [{'ensemblGeneId': 'ENSG00000238160'}]}, {'geneName': 'IRF1-AS1', 'entrezGeneIds': [{'entrezGeneId': '441108'}], 'ensemblGeneIds': [{'ensemblGeneId': 'ENSG00000197536'}]}]"
2.00E-09,,24297846,?,rs6863411,5,142133639,"[{'geneName': 'NDFIP1', 'entrezGeneIds': [{'entrezGeneId': '80762'}], 'ensemblGeneIds': [{'ensemblGeneId': 'ENSG00000131507'}]}]"
2.00E-42,,24297850,?,rs11749391,5,150849504,"[{'geneName': 'IRGM', 'entrezGeneIds': [{'entrezGeneId': '345611'}], 'ensemblGeneIds': [{'ensemblGeneId': 'ENSG00000237693'}]}]"
2.00E-26,,24297854,?,rs74817271,5,151090412,"[{'geneName': 'TNIP1', 'entrezGeneIds': [{'entrezGeneId': '10318'}], 'ensemblGeneIds': [{'ensemblGeneId': 'ENSG00000145901'}]}]"
3.00E-43,,24297858,?,rs56167332,5,159400761,[]
3.00E-34,,24297862,?,rs12188300,5,159402519,[]
2.00E-10,,24297488,?,rs6697886,1,1238231,[]
2.00E-11,,24297492,?,rs2234161,1,2559766,"[{'geneName': 'TNFRSF14', 'entrezGeneIds': [{'entrezGeneId': '8764'}], 'ensemblGeneIds': [{'ensemblGeneId': 'ENSG00000157873'}]}]"
9.00E-14,,24297496,?,rs3766606,1,7962137,"[{'geneName': 'PARK7', 'entrezGeneIds': [{'entrezGeneId': '11315'}], 'ensemblGeneIds': [{'ensemblGeneId': 'ENSG00000116288'}]}]"
7.00E-62,,24297500,?,rs6426833,1,19845367,[]
1.00E-24,,24297504,?,rs3806308,1,19816373,"[{'geneName': 'RNF186-AS1', 'entrezGeneIds': [], 'ensemblGeneIds': [{'ensemblGeneId': 'ENSG00000235434'}]}]"
8.00E-20,,24297508,?,rs4655215,1,19811221,[]
1.00E-08,,24297516,?,rs7552167,1,24192153,[]
9.00E-29,,24297520,?,rs6600247,1,24978623,[]
1.00E-143,,24297525,?,rs80174646,1,67242472,"[{'geneName': 'IL23R', 'entrezGeneIds': [{'entrezGeneId': '149233'}], 'ensemblGeneIds': [{'ensemblGeneId': 'ENSG00000162594'}]}]"
1.00E-98,,24297529,?,rs7517847,1,67215986,"[{'geneName': 'C1orf141', 'entrezGeneIds': [{'entrezGeneId': '400757'}], 'ensemblGeneIds': [{'ensemblGeneId': 'ENSG00000203963'}]}, {'geneName': 'IL23R', 'entrezGeneIds': [{'entrezGeneId': '149233'}], 'ensemblGeneIds': [{'ensemblGeneId': 'ENSG00000162594'}]}]"
2.00E-24,,24297533,?,rs10889676,1,67256884,"[{'geneName': 'IL23R', 'entrezGeneIds': [{'entrezGeneId': '149233'}], 'ensemblGeneIds': [{'ensemblGeneId': 'ENSG00000162594'}]}]"
6.00E-14,,24297537,?,rs183686347,1,67237759,"[{'geneName': 'IL23R', 'entrezGeneIds': [{'entrezGeneId': '149233'}], 'ensemblGeneIds': [{'ensemblGeneId': 'ENSG00000162594'}]}]"
6.00E-51,,24298105,?,rs10748781,10,99523573,[]
6.00E-09,,24298109,?,rs11190133,10,99518968,[]
2.00E-08,,24298114,?,rs10743181,11,2208529,[]
4.00E-08,,24298118,?,rs11229555,11,58641214,"[{'geneName': 'GLYAT', 'entrezGeneIds': [{'entrezGeneId': '10249'}], 'ensemblGeneIds': [{'ensemblGeneId': 'ENSG00000149124'}]}]"
2.00E-07,,24298122,?,rs10750899,11,58517478,[]
5.00E-15,,24298126,?,rs11230563,11,61008737,"[{'geneName': 'CD6', 'entrezGeneIds': [{'entrezGeneId': '923'}], 'ensemblGeneIds': [{'ensemblGeneId': 'ENSG00000013725'}]}]"
2.00E-11,,24298130,?,rs174535,11,61783884,"[{'geneName': 'MYRF', 'entrezGeneIds': [{'entrezGeneId': '745'}], 'ensemblGeneIds': [{'ensemblGeneId': 'ENSG00000124920'}]}, {'geneName': 'TMEM258', 'entrezGeneIds': [{'entrezGeneId': '746'}], 'ensemblGeneIds': [{'ensemblGeneId': 'ENSG00000134825'}]}]"
8.00E-14,,24298134,?,rs559928,11,64382898,[]
4.00E-08,,24298138,?,rs568617,11,65885771,"[{'geneName': 'FIBP', 'entrezGeneIds': [{'entrezGeneId': '9158'}], 'ensemblGeneIds': [{'ensemblGeneId': 'ENSG00000172500'}]}]"
3.00E-43,,24298142,?,rs11236797,11,76588605,[]
8.00E-12,,24298147,?,rs7115956,11,110085620,"[{'geneName': 'RDX', 'entrezGeneIds': [{'entrezGeneId': '5962'}], 'ensemblGeneIds': [{'ensemblGeneId': 'ENSG00000137710'}]}]"
1.00E-09,,24298151,?,rs4561177,11,110091706,"[{'geneName': 'RDX', 'entrezGeneIds': [{'entrezGeneId': '5962'}], 'ensemblGeneIds': [{'ensemblGeneId': 'ENSG00000137710'}]}]"
2.00E-14,,24298155,?,rs661054,11,114559688,"[{'geneName': 'NXPE1', 'entrezGeneIds': [{'entrezGeneId': '120400'}], 'ensemblGeneIds': [{'ensemblGeneId': 'ENSG00000095110'}]}]"
1.00E-10,,24298159,?,rs7933433,11,128324555,[]
2.00E-10,,24298163,?,rs11221332,11,128511079,"[{'geneName': 'ETS1', 'entrezGeneIds': [{'entrezGeneId': '2113'}], 'ensemblGeneIds': [{'ensemblGeneId': 'ENSG00000134954'}]}]"
1.00E-09,,24297577,?,rs61802846,1,161504083,[]
3.00E-12,,24297541,?,rs2476601,1,113834946,"[{'geneName': 'PTPN22', 'entrezGeneIds': [{'entrezGeneId': '26191'}], 'ensemblGeneIds': [{'ensemblGeneId': 'ENSG00000134242'}]}]"
2.00E-16,,24297549,?,rs4845604,1,151829204,"[{'geneName': 'RORC', 'entrezGeneIds': [{'entrezGeneId': '6097'}], 'ensemblGeneIds': [{'ensemblGeneId': 'ENSG00000143365'}]}]"
5.00E-08,,24297545,?,rs114202211,1,113943285,"[{'geneName': 'HIPK1', 'entrezGeneIds': [{'entrezGeneId': '204851'}], 'ensemblGeneIds': [{'ensemblGeneId': 'ENSG00000163349'}]}]"
4.00E-24,,24297553,?,rs6693105,1,152618187,[]
9.00E-18,,24297557,?,rs4129267,1,154453788,"[{'geneName': 'IL6R', 'entrezGeneIds': [{'entrezGeneId': '3570'}], 'ensemblGeneIds': [{'ensemblGeneId': 'ENSG00000160712'}]}]"
3.00E-10,,24297561,?,rs4971079,1,155157915,[]
3.00E-08,,24297565,?,rs78973538,1,155224224,"[{'geneName': 'GBAP1', 'entrezGeneIds': [{'entrezGeneId': '2630'}], 'ensemblGeneIds': [{'ensemblGeneId': 'ENSG00000160766'}, {'ensemblGeneId': 'ENSG00000291137'}]}]"
2.00E-11,,24297569,?,rs1333062,1,160876494,[]
1.00E-32,,24297573,?,rs10800314,1,161502999,[]
8.00E-07,,24297581,?,rs79568124,1,161533059,[]
1.00E-17,,24297585,?,rs6425143,1,172875212,[]
2.00E-09,,24297590,?,rs16841904,1,197732862,"[{'geneName': 'DENND1B', 'entrezGeneIds': [{'entrezGeneId': '163486'}], 'ensemblGeneIds': [{'ensemblGeneId': 'ENSG00000213047'}]}]"
4.00E-15,,24297594,?,rs2816958,1,200132792,"[{'geneName': 'NR5A2', 'entrezGeneIds': [{'entrezGeneId': '2494'}], 'ensemblGeneIds': [{'ensemblGeneId': 'ENSG00000116833'}]}]"
5.00E-41,,24297598,?,rs12131796,1,200909599,"[{'geneName': 'INAVA', 'entrezGeneIds': [{'entrezGeneId': '55765'}], 'ensemblGeneIds': [{'ensemblGeneId': 'ENSG00000163362'}]}]"
6.00E-16,,24298077,?,rs10761648,10,62594503,"[{'geneName': 'LINC02929', 'entrezGeneIds': [], 'ensemblGeneIds': [{'ensemblGeneId': 'ENSG00000285551'}]}]"
3.00E-10,,24298081,?,rs7915475,10,62621908,"[{'geneName': 'LINC02929', 'entrezGeneIds': [], 'ensemblGeneIds': [{'ensemblGeneId': 'ENSG00000285551'}]}]"
3.00E-08,,24298085,?,rs2227551,10,73909432,"[{'geneName': 'PLAU', 'entrezGeneIds': [{'entrezGeneId': '5328'}], 'ensemblGeneIds': [{'ensemblGeneId': 'ENSG00000122861'}]}]"
2.00E-22,,24298089,?,rs1250573,10,79282718,"[{'geneName': 'ZMIZ1', 'entrezGeneIds': [{'entrezGeneId': '57178'}], 'ensemblGeneIds': [{'ensemblGeneId': 'ENSG00000108175'}]}]"
1.00E-13,,24298093,?,rs7097656,10,80491075,"[{'geneName': 'TSPAN14', 'entrezGeneIds': [{'entrezGeneId': '81619'}], 'ensemblGeneIds': [{'ensemblGeneId': 'ENSG00000108219'}]}]"
4.00E-09,,24298097,?,rs1800682,10,88990206,"[{'geneName': 'ACTA2', 'entrezGeneIds': [{'entrezGeneId': '59'}], 'ensemblGeneIds': [{'ensemblGeneId': 'ENSG00000107796'}]}, {'geneName': 'FAS', 'entrezGeneIds': [{'entrezGeneId': '355'}], 'ensemblGeneIds': [{'ensemblGeneId': 'ENSG00000026103'}]}]"
3.00E-11,,24298101,?,rs2497318,10,92672243,[]
2.00E-09,,24298231,?,rs1569328,14,75275048,[]
2.00E-17,,24298235,?,rs11624293,14,88022477,"[{'geneName': 'LINC01147', 'entrezGeneIds': [{'entrezGeneId': '101928791'}], 'ensemblGeneIds': [{'ensemblGeneId': 'ENSG00000258826'}]}]"
3.00E-07,,24298227,?,rs12879003,14,35359535,[]
5.00E-09,,24298240,?,rs16967103,15,38606989,[]
1.00E-16,,24298244,?,rs17293632,15,67150258,"[{'geneName': 'SMAD3', 'entrezGeneIds': [{'entrezGeneId': '4088'}], 'ensemblGeneIds': [{'ensemblGeneId': 'ENSG00000166949'}]}]"
1.00E-11,,24298248,?,rs35874463,15,67165360,"[{'geneName': 'SMAD3', 'entrezGeneIds': [{'entrezGeneId': '4088'}], 'ensemblGeneIds': [{'ensemblGeneId': 'ENSG00000166949'}]}]"
5.00E-14,,24298252,?,rs367569,16,11271643,"[{'geneName': 'RMI2', 'entrezGeneIds': [{'entrezGeneId': '116028'}], 'ensemblGeneIds': [{'ensemblGeneId': 'ENSG00000175643'}]}]"
3.00E-10,,24298256,?,rs11649613,16,11225500,[]
3.00E-07,,24298261,?,rs8061882,16,11067551,"[{'geneName': 'CLEC16A', 'entrezGeneIds': [{'entrezGeneId': '23274'}], 'ensemblGeneIds': [{'ensemblGeneId': 'ENSG00000038532'}]}]"
3.00E-13,,24298265,?,rs7195296,16,11655918,[]
3.00E-09,,24298269,?,rs7404095,16,23853269,"[{'geneName': 'PRKCB', 'entrezGeneIds': [{'entrezGeneId': '5579'}], 'ensemblGeneIds': [{'ensemblGeneId': 'ENSG00000166501'}]}]"
3.00E-29,,24298273,?,rs26528,16,28506388,"[{'geneName': 'IL27', 'entrezGeneIds': [{'entrezGeneId': '246778'}], 'ensemblGeneIds': [{'ensemblGeneId': 'ENSG00000197272'}]}]"
4.00E-30,,24298277,?,rs34670647,17,27295723,"[{'geneName': 'WSB1', 'entrezGeneIds': [{'entrezGeneId': '26118'}], 'ensemblGeneIds': [{'ensemblGeneId': 'ENSG00000109046'}]}]"
5.00E-14,,24298281,?,rs11574938,16,30474072,"[{'geneName': 'ITGAL', 'entrezGeneIds': [{'entrezGeneId': '3683'}], 'ensemblGeneIds': [{'ensemblGeneId': 'ENSG00000005844'}]}]"
1.00E-10,,24298285,?,rs1870293,16,30959620,"[{'geneName': 'SETD1A', 'entrezGeneIds': [{'entrezGeneId': '9739'}], 'ensemblGeneIds': [{'ensemblGeneId': 'ENSG00000099381'}]}]"
4.00E-48,,24298293,?,rs2357623,16,50660100,[]
1.00E-16,,24298298,?,rs72796367,16,50728860,"[{'geneName': 'CYLD-AS1', 'entrezGeneIds': [{'entrezGeneId': '102724907'}], 'ensemblGeneIds': [{'ensemblGeneId': 'ENSG00000261644'}]}, {'geneName': 'NOD2', 'entrezGeneIds': [{'entrezGeneId': '64127'}], 'ensemblGeneIds': [{'ensemblGeneId': 'ENSG00000167207'}]}]"
6.00E-94,,24298289,?,rs2066845,16,50722629,"[{'geneName': 'NOD2', 'entrezGeneIds': [{'entrezGeneId': '64127'}], 'ensemblGeneIds': [{'ensemblGeneId': 'ENSG00000167207'}]}]"
1e-320,,24298302,?,rs5743293,17,71725783,[]
5.00E-16,,24298306,?,rs11117431,16,85981710,[]
1.00E-08,,24298311,?,rs12932970,16,85970504,[]
3.00E-19,,24298315,?,rs10775412,17,27542007,"[{'geneName': 'KSR1', 'entrezGeneIds': [{'entrezGeneId': '8844'}], 'ensemblGeneIds': [{'ensemblGeneId': 'ENSG00000141068'}]}]"
7.00E-12,,24298319,?,rs28998802,17,27797882,"[{'geneName': 'NOS2', 'entrezGeneIds': [{'entrezGeneId': '4843'}], 'ensemblGeneIds': [{'ensemblGeneId': 'ENSG00000007171'}]}]"
1.00E-10,,24298323,?,rs9797244,17,27770105,"[{'geneName': 'NOS2', 'entrezGeneIds': [{'entrezGeneId': '4843'}], 'ensemblGeneIds': [{'ensemblGeneId': 'ENSG00000007171'}]}]"
1.00E-07,,24298327,?,rs2779255,17,27810514,[]
5.00E-21,,24298332,?,rs9889296,17,34243528,[]
6.00E-30,,24298336,?,rs35736272,17,39876427,"[{'geneName': 'ZPBP2', 'entrezGeneIds': [{'entrezGeneId': '124626'}], 'ensemblGeneIds': [{'ensemblGeneId': 'ENSG00000186075'}]}]"
2.00E-15,,24298340,?,rs12942547,17,42375526,"[{'geneName': 'STAT3', 'entrezGeneIds': [{'entrezGeneId': '6774'}], 'ensemblGeneIds': [{'ensemblGeneId': 'ENSG00000168610'}]}]"
2.00E-14,,24298344,?,rs12943464,17,47612985,"[{'geneName': 'NPEPPS', 'entrezGeneIds': [{'entrezGeneId': '9520'}], 'ensemblGeneIds': [{'ensemblGeneId': 'ENSG00000141279'}]}, {'geneName': 'KPNB1-DT', 'entrezGeneIds': [{'entrezGeneId': '112268184'}], 'ensemblGeneIds': [{'ensemblGeneId': 'ENSG00000263766'}]}]"
2.00E-08,,24298348,?,rs3853824,17,56803632,"[{'geneName': 'C17orf67', 'entrezGeneIds': [{'entrezGeneId': '339210'}], 'ensemblGeneIds': [{'ensemblGeneId': 'ENSG00000214226'}]}]"
3.00E-17,,24297685,?,rs17229679,2,198696033,[]
1.00E-10,,24297689,?,rs6434978,2,198702963,[]
1.00E-08,,24297681,?,rs72871627,2,162280432,"[{'geneName': 'IFIH1', 'entrezGeneIds': [{'entrezGeneId': '64135'}], 'ensemblGeneIds': [{'ensemblGeneId': 'ENSG00000115267'}]}]"
8.00E-08,,24297693,?,rs1405108,2,198880294,[]
1.00E-20,,24297697,?,rs7426056,2,203747335,[]
3.00E-12,,24297701,?,rs11306716,3,7295668,"[{'geneName': 'GRM7', 'entrezGeneIds': [{'entrezGeneId': '2917'}], 'ensemblGeneIds': [{'ensemblGeneId': 'ENSG00000196277'}]}]"
2.00E-11,,24297705,?,rs11676348,2,218145423,[]
8.00E-12,,24297709,?,rs7556897,2,227795396,[]
5.00E-15,,24297714,?,rs12694846,2,230283413,"[{'geneName': 'SP140', 'entrezGeneIds': [{'entrezGeneId': '11262'}], 'ensemblGeneIds': [{'ensemblGeneId': 'ENSG00000079263'}]}]"
5.00E-67,,24297718,?,rs35300242,2,233260144,"[{'geneName': 'ATG16L1', 'entrezGeneIds': [{'entrezGeneId': '55054'}], 'ensemblGeneIds': [{'ensemblGeneId': 'ENSG00000085978'}]}]"
2.00E-25,,24297722,?,rs3749171,2,240630275,"[{'geneName': 'GPR35', 'entrezGeneIds': [{'entrezGeneId': '2859'}], 'ensemblGeneIds': [{'ensemblGeneId': 'ENSG00000178623'}]}]"
6.00E-10,,24297726,?,rs4676406,2,240639691,[]
7.00E-10,,24297730,?,rs35320439,2,241797926,"[{'geneName': 'GAL3ST2', 'entrezGeneIds': [{'entrezGeneId': '64090'}], 'ensemblGeneIds': [{'ensemblGeneId': 'ENSG00000154252'}]}]"
3.00E-13,,24297734,?,rs73178598,3,18763719,"[{'geneName': 'SATB1-AS1', 'entrezGeneIds': [{'entrezGeneId': '101927777'}], 'ensemblGeneIds': [{'ensemblGeneId': 'ENSG00000228956'}]}]"
4.00E-07,,24297738,?,rs10510607,3,28244770,"[{'geneName': 'CMC1', 'entrezGeneIds': [{'entrezGeneId': '152100'}], 'ensemblGeneIds': [{'ensemblGeneId': 'ENSG00000187118'}]}]"
8.00E-10,,24298356,?,rs196941,17,64069832,"[{'geneName': 'ERN1', 'entrezGeneIds': [{'entrezGeneId': '2081'}], 'ensemblGeneIds': [{'ensemblGeneId': 'ENSG00000178607'}]}]"
6.00E-11,,24298360,?,rs17780256,17,72646784,"[{'geneName': 'SLC39A11', 'entrezGeneIds': [{'entrezGeneId': '201266'}], 'ensemblGeneIds': [{'ensemblGeneId': 'ENSG00000133195'}]}]"
3.00E-11,,24298352,?,rs1292035,17,59912196,"[{'geneName': 'RPS6KB1', 'entrezGeneIds': [{'entrezGeneId': '6198'}], 'ensemblGeneIds': [{'ensemblGeneId': 'ENSG00000108443'}]}]"
1.00E-07,,24298364,?,rs7236492,18,79460616,"[{'geneName': 'NFATC1', 'entrezGeneIds': [{'entrezGeneId': '4772'}], 'ensemblGeneIds': [{'ensemblGeneId': 'ENSG00000131196'}]}]"
2.00E-26,,24298368,?,rs12968719,18,12879467,"[{'geneName': 'PTPN2', 'entrezGeneIds': [{'entrezGeneId': '5771'}], 'ensemblGeneIds': [{'ensemblGeneId': 'ENSG00000175354'}]}]"
1.00E-11,,24298372,?,rs62097857,18,12857759,"[{'geneName': 'PTPN2', 'entrezGeneIds': [{'entrezGeneId': '5771'}], 'ensemblGeneIds': [{'ensemblGeneId': 'ENSG00000175354'}]}]"
2.00E-08,,24298376,?,rs66504140,18,69894282,"[{'geneName': 'CD226', 'entrezGeneIds': [{'entrezGeneId': '10666'}], 'ensemblGeneIds': [{'ensemblGeneId': 'ENSG00000150637'}]}]"
4.00E-07,,24298380,?,rs587259,19,34165501,[]
2.00E-18,,24298385,?,rs2024092,19,1124032,"[{'geneName': 'SBNO2', 'entrezGeneIds': [{'entrezGeneId': '22904'}], 'ensemblGeneIds': [{'ensemblGeneId': 'ENSG00000064932'}]}]"
4.00E-09,,24298389,?,rs72977586,19,1186317,"[{'geneName': 'STK11', 'entrezGeneIds': [{'entrezGeneId': '6794'}], 'ensemblGeneIds': [{'ensemblGeneId': 'ENSG00000118046'}]}]"
2.00E-22,,24298393,?,rs74956615,19,10317045,"[{'geneName': 'RAVER1', 'entrezGeneIds': [{'entrezGeneId': '125950'}], 'ensemblGeneIds': [{'ensemblGeneId': 'ENSG00000161847'}]}]"
5.00E-12,,24298397,?,rs35018800,19,10354167,"[{'geneName': 'TYK2', 'entrezGeneIds': [{'entrezGeneId': '7297'}], 'ensemblGeneIds': [{'ensemblGeneId': 'ENSG00000105397'}]}]"
2.00E-09,,24298401,?,rs12720356,19,10359299,"[{'geneName': 'TYK2', 'entrezGeneIds': [{'entrezGeneId': '7297'}], 'ensemblGeneIds': [{'ensemblGeneId': 'ENSG00000105397'}]}]"
6.00E-09,,24298405,?,rs35074907,19,10489742,"[{'geneName': 'KEAP1', 'entrezGeneIds': [{'entrezGeneId': '9817'}], 'ensemblGeneIds': [{'ensemblGeneId': 'ENSG00000079999'}]}]"
2.00E-11,,24298409,?,rs4802307,19,46346549,[]
1.00E-38,,24297603,?,rs3024493,1,206770623,"[{'geneName': 'IL10', 'entrezGeneIds': [{'entrezGeneId': '3586'}], 'ensemblGeneIds': [{'ensemblGeneId': 'ENSG00000136634'}]}]"
3.00E-11,,24297607,?,rs12075255,1,206788283,"[{'geneName': 'IL19', 'entrezGeneIds': [{'entrezGeneId': '29949'}], 'ensemblGeneIds': [{'ensemblGeneId': 'ENSG00000142224'}]}]"
9.00E-10,,24297611,?,rs2666218,2,9262859,"[{'geneName': 'ASAP2', 'entrezGeneIds': [{'entrezGeneId': '8853'}], 'ensemblGeneIds': [{'ensemblGeneId': 'ENSG00000151693'}]}]"
3.00E-18,,24297615,?,rs13407913,2,24874775,"[{'geneName': 'ADCY3', 'entrezGeneIds': [{'entrezGeneId': '109'}], 'ensemblGeneIds': [{'ensemblGeneId': 'ENSG00000138031'}]}]"
2.00E-07,,24297619,?,rs201014116,2,25278036,"[{'geneName': 'DNMT3A', 'entrezGeneIds': [{'entrezGeneId': '1788'}], 'ensemblGeneIds': [{'ensemblGeneId': 'ENSG00000119772'}]}]"
2.00E-23,,24297623,?,rs1260326,2,27508073,"[{'geneName': 'GCKR', 'entrezGeneIds': [{'entrezGeneId': '2646'}], 'ensemblGeneIds': [{'ensemblGeneId': 'ENSG00000084734'}]}]"
8.00E-18,,24297627,?,rs925255,2,28391927,"[{'geneName': 'FOSL2-AS1', 'entrezGeneIds': [{'entrezGeneId': '403150'}], 'ensemblGeneIds': [{'ensemblGeneId': 'ENSG00000229951'}]}]"
2.00E-16,,24297631,?,rs77981966,2,43550825,"[{'geneName': 'THADA', 'entrezGeneIds': [{'entrezGeneId': '63892'}], 'ensemblGeneIds': [{'ensemblGeneId': 'ENSG00000115970'}]}]"
2.00E-32,,24297635,?,rs7608910,2,60977721,"[{'geneName': 'PUS10', 'entrezGeneIds': [{'entrezGeneId': '150962'}], 'ensemblGeneIds': [{'ensemblGeneId': 'ENSG00000162927'}]}]"
3.00E-13,,24297512,?,rs34920465,1,22373858,[]
1.00E-06,,24298167,?,rs11221322,11,128476898,"[{'geneName': 'ETS1', 'entrezGeneIds': [{'entrezGeneId': '2113'}], 'ensemblGeneIds': [{'ensemblGeneId': 'ENSG00000134954'}]}]"
3.00E-17,,24298171,?,rs1860545,12,6337611,"[{'geneName': 'TNFRSF1A', 'entrezGeneIds': [{'entrezGeneId': '7132'}], 'ensemblGeneIds': [{'ensemblGeneId': 'ENSG00000067182'}]}]"
3.00E-14,,24298175,?,rs11616188,12,6393576,[]
4.00E-17,,24298179,?,rs7313895,12,40350592,"[{'geneName': 'LRRK2', 'entrezGeneIds': [{'entrezGeneId': '120892'}], 'ensemblGeneIds': [{'ensemblGeneId': 'ENSG00000188906'}]}]"
6.00E-09,,24298183,?,rs11168249,12,47814585,"[{'geneName': 'HDAC7', 'entrezGeneIds': [{'entrezGeneId': '51564'}], 'ensemblGeneIds': [{'ensemblGeneId': 'ENSG00000061273'}]}]"
2.00E-34,,24298187,?,rs11614178,12,68114342,"[{'geneName': 'IFNG-AS1', 'entrezGeneIds': [{'entrezGeneId': '100885789'}], 'ensemblGeneIds': [{'ensemblGeneId': 'ENSG00000255733'}]}]"
2.00E-08,,24298191,?,rs12369214,12,106804833,"[{'geneName': 'RIC8B', 'entrezGeneIds': [{'entrezGeneId': '55188'}], 'ensemblGeneIds': [{'ensemblGeneId': 'ENSG00000111785'}]}]"
4.00E-10,,24298195,?,rs3184504,12,111446804,"[{'geneName': 'SH2B3', 'entrezGeneIds': [{'entrezGeneId': '10019'}], 'ensemblGeneIds': [{'ensemblGeneId': 'ENSG00000111252'}]}, {'geneName': 'ATXN2', 'entrezGeneIds': [{'entrezGeneId': '6311'}], 'ensemblGeneIds': [{'ensemblGeneId': 'ENSG00000204842'}]}]"
2.00E-13,,24298199,?,rs17085007,13,26957130,[]
7.00E-11,,24298203,?,rs941823,13,40439840,"[{'geneName': 'LINC00598', 'entrezGeneIds': [{'entrezGeneId': '646982'}], 'ensemblGeneIds': [{'ensemblGeneId': 'ENSG00000215483'}]}]"
1.00E-22,,24298207,?,rs6561151,13,43910570,"[{'geneName': 'NRAD1', 'entrezGeneIds': [{'entrezGeneId': '121838'}], 'ensemblGeneIds': [{'ensemblGeneId': 'ENSG00000233725'}]}]"
1.00E-07,,24298211,?,rs2026029,13,49021195,"[{'geneName': 'FNDC3A', 'entrezGeneIds': [{'entrezGeneId': '22862'}], 'ensemblGeneIds': [{'ensemblGeneId': 'ENSG00000102531'}]}]"
9.00E-10,,24298215,?,rs9554587,13,99388400,[]
3.00E-10,,24298219,?,rs2145623,14,35370030,[]
7.00E-10,,24298223,?,rs8006884,14,35094005,"[{'geneName': 'PPP2R3C', 'entrezGeneIds': [{'entrezGeneId': '55012'}], 'ensemblGeneIds': [{'ensemblGeneId': 'ENSG00000092020'}]}, {'geneName': 'FAM177A1', 'entrezGeneIds': [{'entrezGeneId': '283635'}], 'ensemblGeneIds': [{'ensemblGeneId': 'ENSG00000151327'}]}]"
3.00E-11,,24297870,?,rs6556411,5,159356215,[]
1.00E-08,,24297875,?,rs72812861,5,173960506,"[{'geneName': 'CPEB4', 'entrezGeneIds': [{'entrezGeneId': '80315'}], 'ensemblGeneIds': [{'ensemblGeneId': 'ENSG00000113742'}]}]"
9.00E-25,,24297866,?,rs4921482,5,159337470,[]
1.00E-11,,24297879,?,rs1267499,6,14715651,[]
1.00E-17,,24297883,?,rs2328530,6,20643496,"[{'geneName': 'CDKAL1', 'entrezGeneIds': [{'entrezGeneId': '54901'}], 'ensemblGeneIds': [{'ensemblGeneId': 'ENSG00000145996'}]}]"
5.00E-09,,24297887,?,rs714830,6,20624151,"[{'geneName': 'CDKAL1', 'entrezGeneIds': [{'entrezGeneId': '54901'}], 'ensemblGeneIds': [{'ensemblGeneId': 'ENSG00000145996'}]}]"
6.00E-12,,24297891,?,rs71559680,6,21430497,[]
2.00E-10,,24297895,?,rs72928038,6,90267049,"[{'geneName': 'BACH2', 'entrezGeneIds': [{'entrezGeneId': '60468'}], 'ensemblGeneIds': [{'ensemblGeneId': 'ENSG00000112182'}]}]"
5.00E-10,,24297899,?,rs1847472,6,90263440,"[{'geneName': 'BACH2', 'entrezGeneIds': [{'entrezGeneId': '60468'}], 'ensemblGeneIds': [{'ensemblGeneId': 'ENSG00000112182'}]}]"
1.00E-21,,24297903,?,rs4946717,6,106026874,"[{'geneName': 'PRDM1', 'entrezGeneIds': [{'entrezGeneId': '639'}], 'ensemblGeneIds': [{'ensemblGeneId': 'ENSG00000057657'}]}]"
6.00E-10,,24297907,?,rs28701841,6,106082455,"[{'geneName': 'PRDM1', 'entrezGeneIds': [{'entrezGeneId': '639'}], 'ensemblGeneIds': [{'ensemblGeneId': 'ENSG00000057657'}]}, {'geneName': 'ATG5', 'entrezGeneIds': [{'entrezGeneId': '9474'}], 'ensemblGeneIds': [{'ensemblGeneId': 'ENSG00000057663'}]}]"
5.00E-15,,24297911,?,rs9491891,6,127956006,[]
1.00E-16,,24297915,?,rs582757,6,137876687,"[{'geneName': 'TNFAIP3', 'entrezGeneIds': [{'entrezGeneId': '7128'}], 'ensemblGeneIds': [{'ensemblGeneId': 'ENSG00000118503'}]}]"
4.00E-14,,24297919,?,rs928722,6,137652695,[]
3.00E-09,,24297923,?,rs9494840,6,137641937,[]
2.00E-33,,24298477,?,rs2143178,22,39264824,[]
4.00E-09,,24298481,?,rs5757584,22,39266545,[]
6.00E-09,,24298473,?,rs140135,22,29767846,"[{'geneName': 'UQCR10', 'entrezGeneIds': [{'entrezGeneId': '29796'}], 'ensemblGeneIds': [{'ensemblGeneId': 'ENSG00000184076'}]}]"
6.00E-10,,24298485,?,rs1569414,22,45331684,"[{'geneName': 'FAM118A', 'entrezGeneIds': [{'entrezGeneId': '55007'}], 'ensemblGeneIds': [{'ensemblGeneId': 'ENSG00000100376'}]}]"
6.00E-06,,132772583,A,rs13388357,2,162465025,"[{'geneName': 'KCNH7', 'entrezGeneIds': [{'entrezGeneId': '90134'}], 'ensemblGeneIds': [{'ensemblGeneId': 'ENSG00000184611'}]}]"
3.00E-06,,132772558,C,rs7857730,9,5084049,"[{'geneName': 'JAK2', 'entrezGeneIds': [{'entrezGeneId': '3717'}], 'ensemblGeneIds': [{'ensemblGeneId': 'ENSG00000096968'}]}]"
8.00E-06,,132772564,G,rs497871,11,114476929,[]
9.00E-06,,132772570,A,rs61199332,8,11573132,[]
8.00E-09,2.198,132772527,A,rs4349859,6,31398010,[]
1.00E-07,,132772533,G,rs4418214,6,31423624,[]
2.00E-07,,132772539,G,rs4463302,6,31375890,[]
6.00E-06,,132772545,G,rs2069835,7,22728252,"[{'geneName': 'IL6', 'entrezGeneIds': [{'entrezGeneId': '3569'}], 'ensemblGeneIds': [{'ensemblGeneId': 'ENSG00000136244'}]}]"
1.00E-12,2.107,132772332,A,rs2844510,6,31442631,"[{'geneName': 'LINC01149', 'entrezGeneIds': [{'entrezGeneId': '101929111'}], 'ensemblGeneIds': [{'ensemblGeneId': 'ENSG00000230174'}]}]"
2.00E-07,,132772339,G,rs2516514,6,31479358,[]
1.00E-15,2.499,132772326,G,rs6905036,6,31305369,[]
9.00E-06,,132772345,A,rs17030062,2,65234591,"[{'geneName': 'ACTR2', 'entrezGeneIds': [{'entrezGeneId': '10097'}], 'ensemblGeneIds': [{'ensemblGeneId': 'ENSG00000138071'}]}]"
